float64 Position,float64 Position,float64 Position,Color,Color,Color
100000000,400,401000001,1,0.66666,0.2
100000001,500,401000000,0.33333,1,0.1
100000010,600,401000002,0.12345,0.54321,1
100000100,700,401000003,1,1,1
100000000,900,401000004,0,0,0.0001
